{
 "vocab_size": 124,
 "emb_dim": 64,
 "hidden": 128,
 "window": 64,
 "best_val": {
  "accuracy": 0.94962890625,
  "macro_f1": 0.9275800585456866,
  "ta": {
   "precision": 0.9384705537650161,
   "recall": 0.9984673334199247,
   "f1": 0.9675397414758782
  },
  "da": {
   "precision": 0.9942405310425615,
   "recall": 0.8016528925619835,
   "f1": 0.8876203756154951
  },
  "n": 51200
 },
 "step": 44000
}