{
 "vocab_size": 124,
 "emb_dim": 48,
 "hidden": 96,
 "window": 64,
 "best_val": {
  "accuracy": 0.9517491847020456,
  "macro_f1": 0.9350383852838249,
  "ta": {
   "precision": 0.9398395721925134,
   "recall": 0.9978708303761533,
   "f1": 0.9679862306368331
  },
  "da": {
   "precision": 0.993046357615894,
   "recall": 0.8263984568751722,
   "f1": 0.9020905399308167
  },
  "n": 13492
 },
 "step": 12000
}