{
 "test": {
  "n": 14319,
  "accuracy": 0.9541867448844193,
  "ta": {
   "precision": 0.9428881257907102,
   "recall": 0.9977051061388411,
   "f1": 0.9695223936071362,
   "support": 10458
  },
  "da": {
   "precision": 0.9926221948970181,
   "recall": 0.8363118363118364,
   "f1": 0.9077874613438291,
   "support": 3861
  },
  "macro_f1": 0.9386549274754827
 },
 "test_dict_labeled": {
  "n": 11973,
  "accuracy": 0.9589075419694312,
  "ta": {
   "precision": 0.9448441247002398,
   "recall": 0.9989134371604491,
   "f1": 0.9711267605633803,
   "support": 8283
  },
  "da": {
   "precision": 0.9972014925373134,
   "recall": 0.8691056910569106,
   "f1": 0.9287576020851434,
   "support": 3690
  },
  "macro_f1": 0.9499421813242619
 },
 "test_weak_labeled": {
  "n": 2346,
  "accuracy": 0.9300937766410913,
  "ta": {
   "precision": 0.9354699003897792,
   "recall": 0.993103448275862,
   "f1": 0.9634255129348795,
   "support": 2175
  },
  "da": {
   "precision": 0.5945945945945946,
   "recall": 0.1286549707602339,
   "f1": 0.2115384615384615,
   "support": 171
  },
  "macro_f1": 0.5874819872366706
 },
 "baseline_majority": {
  "n": 14319,
  "accuracy": 0.7303582652419862,
  "ta": {
   "precision": 0.7303582652419862,
   "recall": 1.0,
   "f1": 0.844169996367599,
   "support": 10458
  },
  "da": {
   "precision": 0.0,
   "recall": 0.0,
   "f1": 0.0,
   "support": 3861
  },
  "macro_f1": 0.4220849981837995
 },
 "baseline_dict_lookup": {
  "n": 14319,
  "accuracy": 0.9532788602556045,
  "ta": {
   "precision": 0.939875977352386,
   "recall": 1.0,
   "f1": 0.969006254343294,
   "support": 10458
  },
  "da": {
   "precision": 1.0,
   "recall": 0.8267288267288267,
   "f1": 0.905146746065504,
   "support": 3861
  },
  "macro_f1": 0.937076500204399
 },
 "ambiguous": {
  "n_sites": 3603,
  "valid_rate": 1.0,
  "prediction_distribution": {
   "កណ្តាល": {
    "ត": 182,
    "ដ": 1
   },
   "កណ្តៀវ": {
    "ត": 1
   },
   "កម្តៅ": {
    "ត": 8,
    "ដ": 6
   },
   "ក្តាម": {
    "ត": 12,
    "ដ": 1
   },
   "ក្តារ": {
    "ត": 1
   },
   "ក្តុល": {
    "ត": 1
   },
   "ក្តោប": {
    "ត": 1
   },
   "ក្តៅ": {
    "ត": 71
   },
   "ខន្តី": {
    "ត": 2
   },
   "ចិត្ត": {
    "ត": 591
   },
   "ទ្រឹស្តី": {
    "ត": 4
   },
   "បណ្តា": {
    "ត": 125,
    "ដ": 5
   },
   "ប្តី": {
    "ត": 102
   },
   "ប្តឹង": {
    "ត": 36,
    "ដ": 3
   },
   "ប្តូរ": {
    "ត": 126
   },
   "ផ្តល់": {
    "ត": 419
   },
   "ផ្តាំ": {
    "ត": 17
   },
   "ផ្តុំ": {
    "ត": 31
   },
   "ផ្តួច": {
    "ត": 33
   },
   "ផ្តួល": {
    "ត": 13
   },
   "ផ្តើម": {
    "ត": 141
   },
   "ផ្តេក": {
    "ត": 1
   },
   "ភក្តិ": {
    "ត": 2
   },
   "ភក្តី": {
    "ត": 8
   },
   "ភស្តុ": {
    "ត": 24
   },
   "ម្តង": {
    "ត": 163,
    "ដ": 1
   },
   "ម្តាយ": {
    "ត": 92
   },
   "ម្តុំ": {
    "ត": 21
   },
   "ម្តេច": {
    "ត": 4
   },
   "រណ្តៅ": {
    "ត": 12
   },
   "វត្ត": {
    "ត": 2
   },
   "សក្តា": {
    "ត": 41,
    "ដ": 1
   },
   "សក្តិ": {
    "ត": 9
   },
   "សន្តោស": {
    "ត": 1
   },
   "សប្ត": {
    "ត": 3
   },
   "សម្តែង": {
    "ត": 131
   },
   "ស្តាយ": {
    "ត": 19
   },
   "ស្តាំ": {
    "ត": 20
   },
   "ស្តី": {
    "ត": 331,
    "ដ": 1
   },
   "ស្តុក": {
    "ត": 18
   },
   "ស្តើង": {
    "ត": 4
   },
   "ស្តេច": {
    "ត": 13
   },
   "ស្តែង": {
    "ត": 113
   },
   "ស្តោះ": {
    "ត": 1
   },
   "ហស្ត": {
    "ត": 2
   },
   "អនុវត្ត": {
    "ត": 418
   },
   "ឧត្តម": {
    "ត": 206,
    "ដ": 5
   },
   "ឧត្តរ": {
    "ត": 3
   }
  }
 },
 "dict_holdout_corpus": {
  "n": 223193,
  "accuracy": 0.9596223895910714,
  "ta": {
   "precision": 0.9566907967264217,
   "recall": 0.9941479546057347,
   "f1": 0.9750597768331563,
   "support": 177203
  },
  "da": {
   "precision": 0.9734456621939978,
   "recall": 0.8265927375516416,
   "f1": 0.8940288328120222,
   "support": 45990
  },
  "macro_f1": 0.9345443048225892
 },
 "dict_holdout_synthetic": {
  "n": 1220,
  "accuracy": 0.8081967213114755,
  "ta": {
   "precision": 0.7972689075630253,
   "recall": 0.94875,
   "f1": 0.8664383561643836,
   "support": 800
  },
  "da": {
   "precision": 0.8470149253731343,
   "recall": 0.5404761904761904,
   "f1": 0.6598837209302326,
   "support": 420
  },
  "macro_f1": 0.7631610385473081,
  "n_words": 57
 }
}