{
 "test": {
  "n": 14319,
  "accuracy": 0.9523709756267896,
  "ta": {
   "precision": 0.9402810304449649,
   "recall": 0.9981832090265825,
   "f1": 0.9683673469387756,
   "support": 10458
  },
  "da": {
   "precision": 0.9940938762822505,
   "recall": 0.8282828282828283,
   "f1": 0.9036450974851652,
   "support": 3861
  },
  "macro_f1": 0.9360062222119704
 },
 "test_dict_labeled": {
  "n": 11973,
  "accuracy": 0.9574041593585567,
  "ta": {
   "precision": 0.9434112949229891,
   "recall": 0.9983097911384764,
   "f1": 0.9700844673862037,
   "support": 8283
  },
  "da": {
   "precision": 0.9956359102244389,
   "recall": 0.8655826558265582,
   "f1": 0.9260655262394897,
   "support": 3690
  },
  "macro_f1": 0.9480749968128467
 },
 "test_weak_labeled": {
  "n": 2346,
  "accuracy": 0.9266837169650469,
  "ta": {
   "precision": 0.928540864356012,
   "recall": 0.9977011494252873,
   "f1": 0.9618794326241135,
   "support": 2175
  },
  "da": {
   "precision": 0.4444444444444444,
   "recall": 0.023391812865497075,
   "f1": 0.044444444444444446,
   "support": 171
  },
  "macro_f1": 0.5031619385342789
 },
 "baseline_majority": {
  "n": 14319,
  "accuracy": 0.7303582652419862,
  "ta": {
   "precision": 0.7303582652419862,
   "recall": 1.0,
   "f1": 0.844169996367599,
   "support": 10458
  },
  "da": {
   "precision": 0.0,
   "recall": 0.0,
   "f1": 0.0,
   "support": 3861
  },
  "macro_f1": 0.4220849981837995
 },
 "baseline_dict_lookup": {
  "n": 14319,
  "accuracy": 0.9532788602556045,
  "ta": {
   "precision": 0.939875977352386,
   "recall": 1.0,
   "f1": 0.969006254343294,
   "support": 10458
  },
  "da": {
   "precision": 1.0,
   "recall": 0.8267288267288267,
   "f1": 0.905146746065504,
   "support": 3861
  },
  "macro_f1": 0.937076500204399
 },
 "ambiguous": {
  "n_sites": 3603,
  "valid_rate": 1.0,
  "prediction_distribution": {
   "កណ្តាល": {
    "ត": 178,
    "ដ": 5
   },
   "កណ្តៀវ": {
    "ត": 1
   },
   "កម្តៅ": {
    "ត": 14
   },
   "ក្តាម": {
    "ត": 12,
    "ដ": 1
   },
   "ក្តារ": {
    "ត": 1
   },
   "ក្តុល": {
    "ត": 1
   },
   "ក្តោប": {
    "ត": 1
   },
   "ក្តៅ": {
    "ត": 71
   },
   "ខន្តី": {
    "ត": 2
   },
   "ចិត្ត": {
    "ត": 591
   },
   "ទ្រឹស្តី": {
    "ត": 4
   },
   "បណ្តា": {
    "ត": 129,
    "ដ": 1
   },
   "ប្តី": {
    "ត": 102
   },
   "ប្តឹង": {
    "ត": 38,
    "ដ": 1
   },
   "ប្តូរ": {
    "ត": 126
   },
   "ផ្តល់": {
    "ត": 419
   },
   "ផ្តាំ": {
    "ត": 17
   },
   "ផ្តុំ": {
    "ត": 31
   },
   "ផ្តួច": {
    "ត": 33
   },
   "ផ្តួល": {
    "ត": 13
   },
   "ផ្តើម": {
    "ត": 141
   },
   "ផ្តេក": {
    "ត": 1
   },
   "ភក្តិ": {
    "ត": 2
   },
   "ភក្តី": {
    "ត": 8
   },
   "ភស្តុ": {
    "ត": 24
   },
   "ម្តង": {
    "ត": 163,
    "ដ": 1
   },
   "ម្តាយ": {
    "ត": 92
   },
   "ម្តុំ": {
    "ត": 21
   },
   "ម្តេច": {
    "ត": 4
   },
   "រណ្តៅ": {
    "ត": 12
   },
   "វត្ត": {
    "ត": 2
   },
   "សក្តា": {
    "ត": 42
   },
   "សក្តិ": {
    "ត": 9
   },
   "សន្តោស": {
    "ត": 1
   },
   "សប្ត": {
    "ត": 3
   },
   "សម្តែង": {
    "ត": 131
   },
   "ស្តាយ": {
    "ត": 19
   },
   "ស្តាំ": {
    "ត": 20
   },
   "ស្តី": {
    "ត": 329,
    "ដ": 3
   },
   "ស្តុក": {
    "ត": 18
   },
   "ស្តើង": {
    "ត": 4
   },
   "ស្តេច": {
    "ត": 13
   },
   "ស្តែង": {
    "ត": 111,
    "ដ": 2
   },
   "ស្តោះ": {
    "ត": 1
   },
   "ហស្ត": {
    "ត": 2
   },
   "អនុវត្ត": {
    "ត": 418
   },
   "ឧត្តម": {
    "ត": 208,
    "ដ": 3
   },
   "ឧត្តរ": {
    "ត": 3
   }
  }
 },
 "dict_holdout_corpus": {
  "n": 223193,
  "accuracy": 0.9596403113000855,
  "ta": {
   "precision": 0.956112138584112,
   "recall": 0.9948307872891542,
   "f1": 0.9750872554496629,
   "support": 177203
  },
  "da": {
   "precision": 0.976400267944556,
   "recall": 0.8240487062404871,
   "f1": 0.893778595349276,
   "support": 45990
  },
  "macro_f1": 0.9344329253994694
 },
 "dict_holdout_synthetic": {
  "n": 1220,
  "accuracy": 0.7786885245901639,
  "ta": {
   "precision": 0.765,
   "recall": 0.95625,
   "f1": 0.8500000000000001,
   "support": 800
  },
  "da": {
   "precision": 0.8409090909090909,
   "recall": 0.44047619047619047,
   "f1": 0.5781249999999999,
   "support": 420
  },
  "macro_f1": 0.7140625,
  "n_words": 57
 }
}