{
 "test": {
  "n": 166260,
  "accuracy": 0.9344460483579935,
  "ta": {
   "precision": 0.921872918609298,
   "recall": 0.9972620505800129,
   "f1": 0.9580867338109577,
   "support": 124911
  },
  "da": {
   "precision": 0.9890152245133937,
   "recall": 0.7446854821156497,
   "f1": 0.8496337072141054,
   "support": 41349
  },
  "macro_f1": 0.9038602205125315
 },
 "test_dict_labeled": {
  "n": 136416,
  "accuracy": 0.9405275041050903,
  "ta": {
   "precision": 0.9254313165707132,
   "recall": 0.9974341150252499,
   "f1": 0.9600846227645077,
   "support": 97822
  },
  "da": {
   "precision": 0.9918987832036924,
   "recall": 0.7962895786909883,
   "f1": 0.8833953749083749,
   "support": 38594
  },
  "macro_f1": 0.9217399988364413
 },
 "test_weak_labeled": {
  "n": 29844,
  "accuracy": 0.9066479024259483,
  "ta": {
   "precision": 0.9092378675108611,
   "recall": 0.996640702868323,
   "f1": 0.9509351555070268,
   "support": 27089
  },
  "da": {
   "precision": 0.3973509933774834,
   "recall": 0.021778584392014518,
   "f1": 0.04129387474191328,
   "support": 2755
  },
  "macro_f1": 0.49611451512447
 },
 "baseline_majority": {
  "n": 166260,
  "accuracy": 0.7512991699747383,
  "ta": {
   "precision": 0.7512991699747383,
   "recall": 1.0,
   "f1": 0.8579906652791659,
   "support": 124911
  },
  "da": {
   "precision": 0.0,
   "recall": 0.0,
   "f1": 0.0,
   "support": 41349
  },
  "macro_f1": 0.42899533263958295
 },
 "baseline_dict_lookup": {
  "n": 166260,
  "accuracy": 0.9339708889690845,
  "ta": {
   "precision": 0.9192134757044352,
   "recall": 1.0,
   "f1": 0.9579064417177914,
   "support": 124911
  },
  "da": {
   "precision": 1.0,
   "recall": 0.7345038574088854,
   "f1": 0.8469325153374233,
   "support": 41349
  },
  "macro_f1": 0.9024194785276074
 },
 "ambiguous": {
  "n_sites": 41034,
  "valid_rate": 1.0,
  "prediction_distribution": {
   "កណ្តាល": {
    "ត": 2015,
    "ដ": 75
   },
   "កណ្តុរ": {
    "ត": 43,
    "ដ": 1
   },
   "កណ្តូប": {
    "ត": 12
   },
   "កណ្តៀត": {
    "ត": 2
   },
   "កណ្តៀវ": {
    "ត": 4
   },
   "កម្តៅ": {
    "ត": 216,
    "ដ": 5
   },
   "ក្តាម": {
    "ត": 71,
    "ដ": 1
   },
   "ក្តារ": {
    "ត": 47,
    "ដ": 4
   },
   "ក្តិច": {
    "ត": 2
   },
   "ក្តិត": {
    "ត": 2
   },
   "ក្តុល": {
    "ត": 17
   },
   "ក្តោង": {
    "ត": 17
   },
   "ក្តោប": {
    "ត": 38,
    "ដ": 3
   },
   "ក្តៅ": {
    "ត": 736,
    "ដ": 6
   },
   "ខន្តី": {
    "ត": 8
   },
   "ចិត្ត": {
    "ត": 6725
   },
   "តេស្ត": {
    "ត": 2
   },
   "ទ្រឹស្តី": {
    "ត": 71,
    "ដ": 1
   },
   "បណ្តា": {
    "ត": 1505,
    "ដ": 8
   },
   "ប្តី": {
    "ត": 706,
    "ដ": 20
   },
   "ប្តឹង": {
    "ត": 562,
    "ដ": 89
   },
   "ប្តូរ": {
    "ត": 1458,
    "ដ": 14
   },
   "ផ្តល់": {
    "ត": 5551,
    "ដ": 105
   },
   "ផ្តាំ": {
    "ត": 261,
    "ដ": 2
   },
   "ផ្តិល": {
    "ត": 4
   },
   "ផ្តុំ": {
    "ត": 368,
    "ដ": 4
   },
   "ផ្តួច": {
    "ត": 355,
    "ដ": 1
   },
   "ផ្តួល": {
    "ត": 269,
    "ដ": 11
   },
   "ផ្តើម": {
    "ត": 2357,
    "ដ": 12
   },
   "ផ្តេក": {
    "ត": 6
   },
   "ភក្តិ": {
    "ត": 15
   },
   "ភក្តី": {
    "ត": 120
   },
   "ភស្តុ": {
    "ត": 311
   },
   "ម៉ដ្ត": {
    "ត": 1
   },
   "ម្តង": {
    "ត": 2382,
    "ដ": 60
   },
   "ម្តាយ": {
    "ត": 1014,
    "ដ": 13
   },
   "ម្តុំ": {
    "ត": 156,
    "ដ": 1
   },
   "ម្តេច": {
    "ត": 119,
    "ដ": 7
   },
   "រណ្តៅ": {
    "ត": 68,
    "ដ": 1
   },
   "វត្ត": {
    "ត": 18
   },
   "សក្តា": {
    "ត": 373
   },
   "សក្តិ": {
    "ត": 61
   },
   "សន្តោស": {
    "ត": 11
   },
   "សប្ត": {
    "ត": 28
   },
   "សប្តិ": {
    "ត": 2
   },
   "សម្តែង": {
    "ត": 1576,
    "ដ": 78
   },
   "សេ្តច": {
    "ដ": 2,
    "ត": 3
   },
   "ស្តាយ": {
    "ត": 269,
    "ដ": 22
   },
   "ស្តាំ": {
    "ត": 297
   },
   "ស្តី": {
    "ត": 2827,
    "ដ": 33
   },
   "ស្តុក": {
    "ត": 248
   },
   "ស្តូក": {
    "ត": 43
   },
   "ស្តើង": {
    "ត": 59
   },
   "ស្តេច": {
    "ត": 149,
    "ដ": 9
   },
   "ស្តែង": {
    "ត": 1158,
    "ដ": 26
   },
   "ស្តោះ": {
    "ត": 7
   },
   "ហស្ត": {
    "ត": 13
   },
   "អនន្ត": {
    "ត": 1
   },
   "អនុវត្ត": {
    "ត": 3684
   },
   "ឧត្តម": {
    "ត": 1960,
    "ដ": 3
   },
   "ឧត្តរ": {
    "ត": 13,
    "ដ": 1
   }
  }
 },
 "dict_holdout_corpus": {
  "n": 2552630,
  "accuracy": 0.951325495665255,
  "ta": {
   "precision": 0.9490387820259303,
   "recall": 0.9938774210569409,
   "f1": 0.9709407082676126,
   "support": 2088499
  },
  "da": {
   "precision": 0.9650109315186192,
   "recall": 0.7598501285197498,
   "f1": 0.8502292704330342,
   "support": 464131
  },
  "macro_f1": 0.9105849893503234
 },
 "dict_holdout_synthetic": {
  "n": 800,
  "accuracy": 0.825,
  "ta": {
   "precision": 0.8432835820895522,
   "recall": 0.9416666666666667,
   "f1": 0.8897637795275589,
   "support": 600
  },
  "da": {
   "precision": 0.7307692307692307,
   "recall": 0.475,
   "f1": 0.5757575757575758,
   "support": 200
  },
  "macro_f1": 0.7327606776425674,
  "n_words": 36
 }
}